<?xml version="1.0" encoding="UTF-8" standalone="no"?>
<!-- Generated 15 feb 2022 16:57:30 by Hibernate Tools 5.5.7.Final --><!DOCTYPE hibernate-mapping PUBLIC "-//Hibernate/Hibernate Mapping DTD 3.0//EN" "http://www.hibernate.org/dtd/hibernate-mapping-3.0.dtd">
<hibernate-mapping auto-import="true" default-access="property" default-cascade="none" default-lazy="true">
    <class catalog="musiteca" dynamic-insert="false" dynamic-update="false" mutable="true" name="es.multitiendaMike.hibernate.Genero" optimistic-lock="none" polymorphism="implicit" select-before-update="false" table="genero">
        <id name="id" type="java.lang.Long">
            <column name="id"/>
            <generator class="identity"/>
        </id>
        <property generated="never" lazy="false" name="nombre" optimistic-lock="true" type="string" unique="false">
            <column length="100" name="nombre" not-null="true"/>
        </property>
    </class>
</hibernate-mapping>
